00001, Wiley, Deborah, retecen@mailinator.net, +1 (328) 783-4286, +1 (707) 535-5095, t-mobile, false, Anne, Grant, parent, +1 (752) 927-4953, sanawusiz@mailinator.com
00002, Page, Mufutau, gukegyde@mailinator.net, +1 (772) 857-3549, +1 (349) 795-4167, us-cellular, true, Laurel, Morin, spouse, +1 (845) 192-9392, corudy@mailinator.com
00003, Ray, Stella, luqe@mailinator.com, +1 (346) 773-5049, +1 (134) 631-9595, sprint, true, Michelle, Strong, parent, +1 (236) 332-3102, bodamerury@mailinator.com
00004, Gates, Vladimir, somipavaz@mailinator.net, +1 (502) 338-4587, +1 (894) 536-7363, att, true, Ishmael, Richard, parent, +1 (775) 299-5542, mekokazaw@mailinator.net
00005, Dixon, Tanner, buxysycyp@mailinator.com, +1 (435) 786-3194, +1 (834) 724-5888, sprint, true, Judah, Torres, spouse, +1 (129) 151-1286, gunyrabigi@mailinator.com
00006, Boyer, Gareth, hefirusob@mailinator.net, +1 (367) 682-3881, +1 (253) 453-7238, att, false, Arden, Alvarez, spouse, +1 (635) 812-2439, dolusydu@mailinator.net
00007, Banks, Britanney, dihigit@mailinator.com, +1 (453) 652-6673, +1 (325) 286-5657, att, true, Jackson, Beck, parent, +1 (515) 668-6823, xigiwewumu@mailinator.net
00008, Bradley, Xaviera, vakisyf@mailinator.net, +1 (107) 942-1975, +1 (791) 926-1758, att, true, Juliet, Wynn, spouse, +1 (777) 934-8414, wavujy@mailinator.com

00009, Bowman, Beck, hisicel@mailinator.net, +1 (912) 398-2223, +1 (536) 514-2361, sprint, true, Cathleen, Williamson, spouse, +1 (447) 498-5148, bocypiho@mailinator.net
00010, Vega, Jaquelyn, jagaraxyk@mailinator.net, +1 (603) 191-8382, +1 (218) 233-3625, t-mobile, false, Brielle, Frederick, parent, +1 (174) 498-8523, gyry@mailinator.net
00011, Porter, Priscilla, tukafijoc@mailinator.com, +1 (873) 359-5155, +1 (916) 206-3959, sprint, false, Arden, Lowe, spouse, +1 (993) 993-9002, gijoqysu@mailinator.net
00012, Elliott, Amber, pijut@mailinator.net, +1 (109) 631-2281, +1 (921) 731-9956, sprint, true, Tyler, Barron, spouse, +1 (907) 163-7024, wylu@mailinator.net
00013, Powell, Hedley, wasixex@mailinator.net, +1 (535) 191-6217, +1 (975) 865-1075, sprint, false, Francesca, Coleman, spouse, +1 (827) 935-9942, cipugytuhu@mailinator.com
00014, Thomas, Melinda, syvery@mailinator.com, +1 (804) 397-1658, +1 (435) 537-1115, sprint, true, Valentine, Rodriquez, parent, +1 (503) 355-4188, dyreni@mailinator.net
00015, Cameron, Cassady, sadajesolu@mailinator.net, +1 (699) 709-2503, +1 (738) 512-6524, t-mobile, false, Ashton, Meyers, parent, +1 (763) 165-2244, xefyp@mailinator.net
00016, Ratliff, September, newulo@mailinator.com, +1 (924) 486-4529, +1 (865) 731-9329, us-cellular, false, Paki, Bright, parent, +1 (566) 838-4685, fawuw@mailinator.com
00017, Blankenship, Baxter, pipugu@mailinator.net, +1 (416) 339-2066, +1 (425) 458-7245, sprint, false, Jackson, Hampton, spouse, +1 (837) 803-9283, vovoro@mailinator.net
00018, Maldonado, Jillian, nuvox@mailinator.net, +1 (415) 318-1319, +1 (664) 785-2828, us-cellular, false, Martha, Washington, parent, +1 (245) 338-5838, qetebagida@mailinator.com
999999, Person, Fake, fakeperson@example.com, 714-647-0000, 714-647-1234, t-mobile, true, Mom, Person, parent, 714-999-9999, mom@person.com
