00001, Wiley, Deborah, retecen@mailinator.net, 328-783-4286, 707-535-5095, t-mobile, false, Anne, Grant, parent, 752-927-4953, sanawusiz@mailinator.com
00002, Page, Mufutau, gukegyde@mailinator.net, 772-857-3549, 349-795-4167, us-cellular, true, Laurel, Morin, spouse, 845-192-9392, corudy@mailinator.com
00003, Ray, Stella, luqe@mailinator.com, 346-773-5049, 134-631-9595, sprint, true, Michelle, Strong, parent, 236-332-3102, bodamerury@mailinator.com
00004, Gates, Vladimir, somipavaz@mailinator.net, 502-338-4587, 894-536-7363, att, true, Ishmael, Richard, parent, 775-299-5542, mekokazaw@mailinator.net
00005, Dixon, Tanner, buxysycyp@mailinator.com, 435-786-3194, 834-724-5888, sprint, true, Judah, Torres, spouse, 129-151-1286, gunyrabigi@mailinator.com
00006, Boyer, Gareth, hefirusob@mailinator.net, 367-682-3881, 253-453-7238, att, false, Arden, Alvarez, spouse, 635-812-2439, dolusydu@mailinator.net
00007, Banks, Britanney, dihigit@mailinator.com, 453-652-6673, 325-286-5657, att, true, Jackson, Beck, parent, 515-668-6823, xigiwewumu@mailinator.net
00008, Bradley, Xaviera, vakisyf@mailinator.net, 107-942-1975, 791-926-1758, att, true, Juliet, Wynn, spouse, 777-934-8414, wavujy@mailinator.com
00009, Bowman, Beck, hisicel@mailinator.net, 912-398-2223, 536-514-2361, sprint, true, Cathleen, Williamson, spouse, 447-498-5148, bocypiho@mailinator.net
00010, Vega, Jaquelyn, jagaraxyk@mailinator.net, 603-191-8382, 218-233-3625, t-mobile, false, Brielle, Frederick, parent, 174-498-8523, gyry@mailinator.net
00011, Porter, Priscilla, tukafijoc@mailinator.com, 873-359-5155, 916-206-3959, sprint, false, Arden, Lowe, spouse, 993-993-9002, gijoqysu@mailinator.net
00012, Elliott, Amber, pijut@mailinator.net, 109-631-2281, 921-731-9956, sprint, true, Tyler, Barron, spouse, 907-163-7024, wylu@mailinator.net
00013, Powell, Hedley, wasixex@mailinator.net, 535-191-6217, 975-865-1075, sprint, false, Francesca, Coleman, spouse, 827-935-9942, cipugytuhu@mailinator.com
00014, Thomas, Melinda, syvery@mailinator.com, 804-397-1658, 435-537-1115, sprint, true, Valentine, Rodriquez, parent, 503-355-4188, dyreni@mailinator.net
00015, Cameron, Cassady, sadajesolu@mailinator.net, 699-709-2503, 738-512-6524, t-mobile, false, Ashton, Meyers, parent, 763-165-2244, xefyp@mailinator.net
00016, Ratliff, September, newulo@mailinator.com, 924-486-4529, 865-731-9329, us-cellular, false, Paki, Bright, parent, 566-838-4685, fawuw@mailinator.com
00017, Blankenship, Baxter, pipugu@mailinator.net, 416-339-2066, 425-458-7245, sprint, false, Jackson, Hampton, spouse, 837-803-9283, vovoro@mailinator.net
00018, Maldonado, Jillian, nuvox@mailinator.net, 415-318-1319, 664-785-2828, us-cellular, false, Martha, Washington, parent, 245-338-5838, qetebagida@mailinator.com
99999, Person, Fake, fakeperson@example.com, 714-647-0000, 714-647-1234, t-mobile, true, Mom, Person, parent, 714-999-9999, mom@person.com
